sppid,species,scinam,ndet,modelN,modelS,ndet_n,ndet_s,map.det,map.pred,useavail.north,useavail.south,veghf.north,soilhf.south
AlderFlycatcher,Alder Flycatcher,Empidonax alnorum,6929,TRUE,TRUE,6198,2191,TRUE,TRUE,FALSE,FALSE,TRUE,TRUE
AmericanAvocet,American Avocet,Recurvirostra americana,407,TRUE,TRUE,94,378,TRUE,TRUE,FALSE,FALSE,TRUE,TRUE
AmericanBittern,American Bittern,Botaurus lentiginosus,351,TRUE,TRUE,231,176,TRUE,TRUE,FALSE,FALSE,TRUE,TRUE
AmericanCoot,American Coot,Fulica americana,2164,TRUE,TRUE,1146,1696,TRUE,TRUE,FALSE,FALSE,TRUE,TRUE
AmericanCrow,American Crow,Corvus brachyrhynchos,20225,TRUE,TRUE,14163,17253,TRUE,TRUE,FALSE,FALSE,TRUE,TRUE
AmericanGoldfinch,American Goldfinch,Spinus tristis,3298,TRUE,TRUE,2480,2823,TRUE,TRUE,FALSE,FALSE,TRUE,TRUE
AmericanGoldenPlover,American Golden-Plover,Pluvialis dominica,1,FALSE,FALSE,0,0,TRUE,FALSE,FALSE,FALSE,FALSE,FALSE
AmericanKestrel,American Kestrel,Falco sparverius,617,TRUE,TRUE,531,467,TRUE,TRUE,FALSE,FALSE,TRUE,TRUE
AmericanPipit,American Pipit,Anthus rubescens,14,FALSE,FALSE,0,0,TRUE,FALSE,FALSE,FALSE,FALSE,FALSE
AmericanRedstart,American Redstart,Setophaga ruticilla,3269,TRUE,TRUE,2405,206,TRUE,TRUE,FALSE,FALSE,TRUE,TRUE
AmericanRobin,American Robin,Turdus migratorius,22881,TRUE,TRUE,18966,12486,TRUE,TRUE,FALSE,FALSE,TRUE,TRUE
AmericanWigeon,American Wigeon,Anas americana,1305,TRUE,TRUE,521,1004,TRUE,TRUE,FALSE,FALSE,TRUE,TRUE
ArcticTern,Arctic Tern,Sterna paradisaea,1,FALSE,FALSE,0,0,TRUE,FALSE,FALSE,FALSE,FALSE,FALSE
AmericanTreeSparrow,American Tree Sparrow,Spizella arborea,21,FALSE,FALSE,0,0,TRUE,FALSE,FALSE,FALSE,FALSE,FALSE
AmericanThreetoedWoodpecker,American Three-toed Woodpecker,Picoides dorsalis,200,TRUE,FALSE,165,0,TRUE,TRUE,FALSE,FALSE,TRUE,FALSE
AmericanWhitePelican,American White Pelican,Pelecanus erythrorhynchos,192,TRUE,TRUE,96,153,TRUE,TRUE,FALSE,FALSE,TRUE,TRUE
BarredOwl,Barred Owl,Strix varia,124,TRUE,FALSE,67,0,TRUE,TRUE,FALSE,FALSE,TRUE,FALSE
BaldEagle,Bald Eagle,Haliaeetus leucocephalus,40,TRUE,FALSE,36,0,TRUE,TRUE,FALSE,FALSE,TRUE,FALSE
BarrowsGoldeneye,Barrow's Goldeneye,Bucephala islandica,38,TRUE,FALSE,38,0,TRUE,TRUE,FALSE,FALSE,TRUE,FALSE
BairdsSparrow,Baird's Sparrow,Ammodramus bairdii,2196,TRUE,TRUE,43,1902,TRUE,TRUE,FALSE,FALSE,TRUE,TRUE
BankSwallow,Bank Swallow,Riparia riparia,355,TRUE,TRUE,186,242,TRUE,TRUE,FALSE,FALSE,TRUE,TRUE
BaltimoreOriole,Baltimore Oriole,Icterus galbula,2282,TRUE,TRUE,1906,2112,TRUE,TRUE,FALSE,FALSE,TRUE,TRUE
BarnSwallow,Barn Swallow,Hirundo rustica,3470,TRUE,TRUE,1976,2987,TRUE,TRUE,FALSE,FALSE,TRUE,TRUE
BlackandwhiteWarbler,Black-and-white Warbler,Mniotilta varia,2184,TRUE,TRUE,1752,105,TRUE,TRUE,FALSE,FALSE,TRUE,TRUE
BlackbilledMagpie,Black-billed Magpie,Pica hudsonia,12342,TRUE,TRUE,7975,11345,TRUE,TRUE,FALSE,FALSE,TRUE,TRUE
BaybreastedWarbler,Bay-breasted Warbler,Setophaga castanea,1237,TRUE,FALSE,1055,0,TRUE,TRUE,FALSE,FALSE,TRUE,FALSE
BlackbackedWoodpecker,Black-backed Woodpecker,Picoides arcticus,117,TRUE,FALSE,112,0,TRUE,TRUE,FALSE,FALSE,TRUE,FALSE
BlackcappedChickadee,Black-capped Chickadee,Poecile atricapillus,4211,TRUE,TRUE,3703,1748,TRUE,TRUE,FALSE,FALSE,TRUE,TRUE
BeltedKingfisher,Belted Kingfisher,Megaceryle alcyon,90,TRUE,FALSE,83,0,TRUE,TRUE,FALSE,FALSE,TRUE,FALSE
BrownheadedCowbird,Brown-headed Cowbird,Molothrus ater,12442,TRUE,TRUE,5079,10240,TRUE,TRUE,FALSE,FALSE,TRUE,TRUE
BlackheadedGrosbeak,Black-headed Grosbeak,Pheucticus melanocephalus,34,TRUE,FALSE,31,0,TRUE,TRUE,FALSE,FALSE,TRUE,FALSE
BlueheadedVireo,Blue-headed Vireo,Vireo solitarius,2574,TRUE,TRUE,2081,329,TRUE,TRUE,FALSE,FALSE,TRUE,TRUE
BlackburnianWarbler,Blackburnian Warbler,Setophaga fusca,42,FALSE,FALSE,0,0,TRUE,FALSE,FALSE,FALSE,FALSE,FALSE
BlueJay,Blue Jay,Cyanocitta cristata,773,TRUE,TRUE,675,276,TRUE,TRUE,FALSE,FALSE,TRUE,TRUE
BlackpollWarbler,Blackpoll Warbler,Setophaga striata,346,TRUE,FALSE,337,0,TRUE,TRUE,FALSE,FALSE,TRUE,FALSE
BlackTern,Black Tern,Chlidonias niger,1502,TRUE,TRUE,1062,1179,TRUE,TRUE,FALSE,FALSE,TRUE,TRUE
BlackneckedStilt,Black-necked Stilt,Himantopus mexicanus,26,FALSE,FALSE,0,0,TRUE,FALSE,FALSE,FALSE,FALSE,FALSE
Bobolink,Bobolink,Dolichonyx oryzivorus,54,FALSE,TRUE,0,43,TRUE,TRUE,FALSE,FALSE,FALSE,TRUE
BorealChickadee,Boreal Chickadee,Poecile hudsonicus,1425,TRUE,TRUE,1160,58,TRUE,TRUE,FALSE,FALSE,TRUE,TRUE
BonapartesGull,Bonaparte's Gull,Chroicocephalus philadelphia,381,TRUE,TRUE,266,85,TRUE,TRUE,FALSE,FALSE,TRUE,TRUE
BorealOwl,Boreal Owl,Aegolius funereus,295,TRUE,FALSE,102,0,TRUE,TRUE,FALSE,FALSE,TRUE,FALSE
BohemianWaxwing,Bohemian Waxwing,Bombycilla garrulus,26,FALSE,FALSE,0,0,TRUE,FALSE,FALSE,FALSE,FALSE,FALSE
BrewersBlackbird,Brewer's Blackbird,Euphagus cyanocephalus,7910,TRUE,TRUE,2775,7422,TRUE,TRUE,FALSE,FALSE,TRUE,TRUE
BrownCreeper,Brown Creeper,Certhia americana,1331,TRUE,FALSE,763,0,TRUE,TRUE,FALSE,FALSE,TRUE,FALSE
BrewersSparrow,Brewer's Sparrow,Spizella breweri,180,FALSE,TRUE,0,167,TRUE,TRUE,FALSE,FALSE,FALSE,TRUE
BrownThrasher,Brown Thrasher,Toxostoma rufum,261,FALSE,TRUE,0,255,TRUE,TRUE,FALSE,FALSE,FALSE,TRUE
BlackthroatedGreenWarbler,Black-throated Green Warbler,Setophaga virens,1872,TRUE,FALSE,968,0,TRUE,TRUE,FALSE,FALSE,TRUE,FALSE
Bufflehead,Bufflehead,Bucephala albeola,497,TRUE,TRUE,400,341,TRUE,TRUE,FALSE,FALSE,TRUE,TRUE
BroadwingedHawk,Broad-winged Hawk,Buteo platypterus,66,TRUE,FALSE,54,0,TRUE,TRUE,FALSE,FALSE,TRUE,FALSE
BluewingedTeal,Blue-winged Teal,Anas discors,2538,TRUE,TRUE,1311,2323,TRUE,TRUE,FALSE,FALSE,TRUE,TRUE
CaliforniaGull,California Gull,Larus californicus,970,TRUE,TRUE,194,898,TRUE,TRUE,FALSE,FALSE,TRUE,TRUE
CanadaGoose,Canada Goose,Branta canadensis,5200,TRUE,TRUE,3095,3191,TRUE,TRUE,FALSE,FALSE,TRUE,TRUE
Canvasback,Canvasback,Aythya valisineria,230,TRUE,TRUE,104,211,TRUE,TRUE,FALSE,FALSE,TRUE,TRUE
CaliforniaQuail,California Quail,Callipepla californica,8,FALSE,FALSE,0,0,TRUE,FALSE,FALSE,FALSE,FALSE,FALSE
CanadaWarbler,Canada Warbler,Cardellina canadensis,1163,TRUE,TRUE,773,25,TRUE,TRUE,FALSE,FALSE,TRUE,TRUE
ChestnutcollaredLongspur,Chestnut-collared Longspur,Calcarius ornatus,2780,FALSE,TRUE,0,2535,TRUE,TRUE,FALSE,FALSE,FALSE,TRUE
ClaycoloredSparrow,Clay-colored Sparrow,Spizella pallida,24601,TRUE,TRUE,17001,20280,TRUE,TRUE,FALSE,FALSE,TRUE,TRUE
CedarWaxwing,Cedar Waxwing,Bombycilla cedrorum,2333,TRUE,TRUE,2077,1118,TRUE,TRUE,FALSE,FALSE,TRUE,TRUE
ChippingSparrow,Chipping Sparrow,Spizella passerina,18172,TRUE,TRUE,15657,2594,TRUE,TRUE,FALSE,FALSE,TRUE,TRUE
CinnamonTeal,Cinnamon Teal,Anas cyanoptera,152,TRUE,TRUE,27,137,TRUE,TRUE,FALSE,FALSE,TRUE,TRUE
CliffSwallow,Cliff Swallow,Petrochelidon pyrrhonota,1048,TRUE,TRUE,397,824,TRUE,TRUE,FALSE,FALSE,TRUE,TRUE
CapeMayWarbler,Cape May Warbler,Setophaga tigrina,1178,TRUE,FALSE,1111,0,TRUE,TRUE,FALSE,FALSE,TRUE,FALSE
CordilleranFlycatcher,Cordilleran Flycatcher,Empidonax occidentalis,9,FALSE,FALSE,0,0,TRUE,FALSE,FALSE,FALSE,FALSE,FALSE
CommonGoldeneye,Common Goldeneye,Bucephala clangula,289,TRUE,TRUE,263,190,TRUE,TRUE,FALSE,FALSE,TRUE,TRUE
CommonGrackle,Common Grackle,Quiscalus quiscula,411,TRUE,TRUE,193,311,TRUE,TRUE,FALSE,FALSE,TRUE,TRUE
CommonLoon,Common Loon,Gavia immer,1615,TRUE,TRUE,1101,117,TRUE,TRUE,FALSE,FALSE,TRUE,TRUE
CommonMerganser,Common Merganser,Mergus merganser,96,TRUE,FALSE,90,0,TRUE,TRUE,FALSE,FALSE,TRUE,FALSE
CommonNighthawk,Common Nighthawk,Chordeiles minor,511,TRUE,TRUE,136,126,TRUE,TRUE,FALSE,FALSE,TRUE,TRUE
ConnecticutWarbler,Connecticut Warbler,Oporornis agilis,2475,TRUE,TRUE,1487,91,TRUE,TRUE,FALSE,FALSE,TRUE,TRUE
CommonRaven,Common Raven,Corvus corax,7444,TRUE,TRUE,6147,2530,TRUE,TRUE,FALSE,FALSE,TRUE,TRUE
CommonRedpoll,Common Redpoll,Acanthis flammea,8,FALSE,FALSE,0,0,TRUE,FALSE,FALSE,FALSE,FALSE,FALSE
CommonTern,Common Tern,Sterna hirundo,126,TRUE,TRUE,66,85,TRUE,TRUE,FALSE,FALSE,TRUE,TRUE
CommonYellowthroat,Common Yellowthroat,Geothlypis trichas,4558,TRUE,TRUE,3631,1496,TRUE,TRUE,FALSE,FALSE,TRUE,TRUE
ChestnutsidedWarbler,Chestnut-sided Warbler,Setophaga pensylvanica,76,TRUE,FALSE,57,0,TRUE,TRUE,FALSE,FALSE,TRUE,FALSE
DoublecrestedCormorant,Double-crested Cormorant,Phalacrocorax auritus,254,TRUE,TRUE,111,223,TRUE,TRUE,FALSE,FALSE,TRUE,TRUE
DarkeyedJunco,Dark-eyed Junco,Junco hyemalis,4066,TRUE,TRUE,2709,54,TRUE,TRUE,FALSE,FALSE,TRUE,TRUE
DownyWoodpecker,Downy Woodpecker,Picoides pubescens,408,TRUE,TRUE,368,205,TRUE,TRUE,FALSE,FALSE,TRUE,TRUE
DuskyFlycatcher,Dusky Flycatcher,Empidonax oberholseri,216,TRUE,FALSE,215,0,TRUE,TRUE,FALSE,FALSE,TRUE,FALSE
EasternBluebird,Eastern Bluebird,Sialia sialis,2,FALSE,FALSE,0,0,TRUE,FALSE,FALSE,FALSE,FALSE,FALSE
EaredGrebe,Eared Grebe,Podiceps nigricollis,179,TRUE,TRUE,58,155,TRUE,TRUE,FALSE,FALSE,TRUE,TRUE
EasternKingbird,Eastern Kingbird,Tyrannus tyrannus,2407,TRUE,TRUE,681,2247,TRUE,TRUE,FALSE,FALSE,TRUE,TRUE
EasternPhoebe,Eastern Phoebe,Sayornis phoebe,640,TRUE,TRUE,612,422,TRUE,TRUE,FALSE,FALSE,TRUE,TRUE
EasternWoodPewee,Eastern Wood-Pewee,Contopus virens,1,FALSE,FALSE,0,0,TRUE,FALSE,FALSE,FALSE,FALSE,FALSE
EuropeanStarling,European Starling,Sturnus vulgaris,6412,TRUE,TRUE,3982,5885,TRUE,TRUE,FALSE,FALSE,TRUE,TRUE
EveningGrosbeak,Evening Grosbeak,Coccothraustes vespertinus,283,TRUE,FALSE,257,0,TRUE,TRUE,FALSE,FALSE,TRUE,FALSE
FerruginousHawk,Ferruginous Hawk,Buteo regalis,331,FALSE,TRUE,0,330,TRUE,TRUE,FALSE,FALSE,FALSE,TRUE
FoxSparrow,Fox Sparrow,Passerella iliaca,586,TRUE,TRUE,573,28,TRUE,TRUE,FALSE,FALSE,TRUE,TRUE
ForstersTern,Forster's Tern,Sterna forsteri,197,TRUE,TRUE,42,53,TRUE,TRUE,FALSE,FALSE,TRUE,TRUE
FranklinsGull,Franklin's Gull,Leucophaeus pipixcan,2262,TRUE,TRUE,1268,2048,TRUE,TRUE,FALSE,FALSE,TRUE,TRUE
Gadwall,Gadwall,Anas strepera,2322,TRUE,TRUE,747,2164,TRUE,TRUE,FALSE,FALSE,TRUE,TRUE
GreatBlueHeron,Great Blue Heron,Ardea herodias,311,TRUE,TRUE,226,256,TRUE,TRUE,FALSE,FALSE,TRUE,TRUE
GoldencrownedKinglet,Golden-crowned Kinglet,Regulus satrapa,1417,TRUE,FALSE,1189,0,TRUE,TRUE,FALSE,FALSE,TRUE,FALSE
GraycrownedRosyFinch,Gray-crowned Rosy-Finch,Leucosticte tephrocotis,1,FALSE,FALSE,0,0,TRUE,FALSE,FALSE,FALSE,FALSE,FALSE
GreatGrayOwl,Great Gray Owl,Strix nebulosa,53,TRUE,FALSE,41,0,TRUE,TRUE,FALSE,FALSE,TRUE,FALSE
GreatHornedOwl,Great Horned Owl,Bubo virginianus,430,TRUE,TRUE,203,221,TRUE,TRUE,FALSE,FALSE,TRUE,TRUE
GrayJay,Gray Jay,Perisoreus canadensis,6933,TRUE,TRUE,5833,129,TRUE,TRUE,FALSE,FALSE,TRUE,TRUE
GrayPartridge,Gray Partridge,Perdix perdix,514,TRUE,TRUE,60,510,TRUE,TRUE,FALSE,FALSE,TRUE,TRUE
GrayCatbird,Gray Catbird,Dumetella carolinensis,543,TRUE,TRUE,401,447,TRUE,TRUE,FALSE,FALSE,TRUE,TRUE
GreaterScaup,Greater Scaup,Aythya marila,3,FALSE,FALSE,0,0,TRUE,FALSE,FALSE,FALSE,FALSE,FALSE
GrasshopperSparrow,Grasshopper Sparrow,Ammodramus savannarum,564,FALSE,TRUE,0,526,TRUE,TRUE,FALSE,FALSE,FALSE,TRUE
GreaterYellowlegs,Greater Yellowlegs,Tringa melanoleuca,1100,TRUE,TRUE,797,26,TRUE,TRUE,FALSE,FALSE,TRUE,TRUE
GreenwingedTeal,Green-winged Teal,Anas crecca,708,TRUE,TRUE,450,597,TRUE,TRUE,FALSE,FALSE,TRUE,TRUE
HammondsFlycatcher,Hammond's Flycatcher,Empidonax hammondii,102,TRUE,FALSE,101,0,TRUE,TRUE,FALSE,FALSE,TRUE,FALSE
HairyWoodpecker,Hairy Woodpecker,Picoides villosus,1009,TRUE,TRUE,827,283,TRUE,TRUE,FALSE,FALSE,TRUE,TRUE
HerringGull,Herring Gull,Larus argentatus,51,TRUE,TRUE,25,33,TRUE,TRUE,FALSE,FALSE,TRUE,TRUE
HermitThrush,Hermit Thrush,Catharus guttatus,8664,TRUE,TRUE,7535,761,TRUE,TRUE,FALSE,FALSE,TRUE,TRUE
HouseFinch,House Finch,Carpodacus mexicanus,30,FALSE,TRUE,0,29,TRUE,TRUE,FALSE,FALSE,FALSE,TRUE
HornedGrebe,Horned Grebe,Podiceps auritus,175,TRUE,TRUE,117,144,TRUE,TRUE,FALSE,FALSE,TRUE,TRUE
HornedLark,Horned Lark,Eremophila alpestris,11812,TRUE,TRUE,496,11350,TRUE,TRUE,FALSE,FALSE,TRUE,TRUE
HoodedMerganser,Hooded Merganser,Lophodytes cucullatus,9,FALSE,FALSE,0,0,TRUE,FALSE,FALSE,FALSE,FALSE,FALSE
HouseSparrow,House Sparrow,Passer domesticus,4766,TRUE,TRUE,1859,4628,TRUE,TRUE,FALSE,FALSE,TRUE,TRUE
HouseWren,House Wren,Troglodytes aedon,12424,TRUE,TRUE,10380,10912,TRUE,TRUE,FALSE,FALSE,TRUE,TRUE
Killdeer,Killdeer,Charadrius vociferus,4131,TRUE,TRUE,1595,3671,TRUE,TRUE,FALSE,FALSE,TRUE,TRUE
LarkBunting,Lark Bunting,Calamospiza melanocorys,448,FALSE,TRUE,0,441,TRUE,TRUE,FALSE,FALSE,FALSE,TRUE
LarkSparrow,Lark Sparrow,Chondestes grammacus,135,FALSE,TRUE,0,129,TRUE,TRUE,FALSE,FALSE,FALSE,TRUE
LongbilledCurlew,Long-billed Curlew,Numenius americanus,2425,FALSE,TRUE,0,2321,TRUE,TRUE,FALSE,FALSE,FALSE,TRUE
LeContesSparrow,Le Conte's Sparrow,Ammodramus leconteii,3505,TRUE,TRUE,2025,1310,TRUE,TRUE,FALSE,FALSE,TRUE,TRUE
LeastFlycatcher,Least Flycatcher,Empidonax minimus,9875,TRUE,TRUE,8320,4820,TRUE,TRUE,FALSE,FALSE,TRUE,TRUE
LongearedOwl,Long-eared Owl,Asio otus,13,FALSE,FALSE,0,0,TRUE,FALSE,FALSE,FALSE,FALSE,FALSE
LesserScaup,Lesser Scaup,Aythya affinis,1145,TRUE,TRUE,598,1026,TRUE,TRUE,FALSE,FALSE,TRUE,TRUE
LesserYellowlegs,Lesser Yellowlegs,Tringa flavipes,598,TRUE,TRUE,482,131,TRUE,TRUE,FALSE,FALSE,TRUE,TRUE
LincolnsSparrow,Lincoln's Sparrow,Melospiza lincolnii,9107,TRUE,TRUE,7921,2285,TRUE,TRUE,FALSE,FALSE,TRUE,TRUE
MarbledGodwit,Marbled Godwit,Limosa fedoa,4021,TRUE,TRUE,316,3843,TRUE,TRUE,FALSE,FALSE,TRUE,TRUE
Mallard,Mallard,Anas platyrhynchos,6561,TRUE,TRUE,3081,5833,TRUE,TRUE,FALSE,FALSE,TRUE,TRUE
MagnoliaWarbler,Magnolia Warbler,Setophaga magnolia,2735,TRUE,TRUE,2404,110,TRUE,TRUE,FALSE,FALSE,TRUE,TRUE
MarshWren,Marsh Wren,Cistothorus palustris,461,TRUE,TRUE,212,177,TRUE,TRUE,FALSE,FALSE,TRUE,TRUE
McCownsLongspur,McCown's Longspur,Rhynchophanes mccownii,647,FALSE,TRUE,0,599,TRUE,TRUE,FALSE,FALSE,FALSE,TRUE
MewGull,Mew Gull,Larus canus,3,FALSE,FALSE,0,0,TRUE,FALSE,FALSE,FALSE,FALSE,FALSE
Merlin,Merlin,Falco columbarius,206,TRUE,TRUE,123,172,TRUE,TRUE,FALSE,FALSE,TRUE,TRUE
MountainBluebird,Mountain Bluebird,Sialia currucoides,882,TRUE,TRUE,694,599,TRUE,TRUE,FALSE,FALSE,TRUE,TRUE
MountainChickadee,Mountain Chickadee,Poecile gambeli,212,TRUE,FALSE,208,0,TRUE,TRUE,FALSE,FALSE,TRUE,FALSE
MourningDove,Mourning Dove,Zenaida macroura,2066,TRUE,TRUE,537,1908,TRUE,TRUE,FALSE,FALSE,TRUE,TRUE
MourningWarbler,Mourning Warbler,Geothlypis philadelphia,3778,TRUE,TRUE,2222,166,TRUE,TRUE,FALSE,FALSE,TRUE,TRUE
NashvilleWarbler,Nashville Warbler,Oreothlypis ruficapilla,25,TRUE,FALSE,25,0,TRUE,TRUE,FALSE,FALSE,TRUE,FALSE
NelsonsSparrow,Nelson's Sparrow,Ammodramus nelsoni,358,TRUE,TRUE,234,229,TRUE,TRUE,FALSE,FALSE,TRUE,TRUE
NorthernHawkOwl,Northern Hawk Owl,Surnia ulula,15,FALSE,FALSE,0,0,TRUE,FALSE,FALSE,FALSE,FALSE,FALSE
NorthernCardinal,Northern Cardinal,Cardinalis cardinalis,1,FALSE,FALSE,0,0,TRUE,FALSE,FALSE,FALSE,FALSE,FALSE
NorthernFlicker,Northern Flicker,Colaptes auratus,1066,TRUE,TRUE,876,135,TRUE,TRUE,FALSE,FALSE,TRUE,TRUE
NorthernGoshawk,Northern Goshawk,Accipiter gentilis,39,TRUE,FALSE,36,0,TRUE,TRUE,FALSE,FALSE,TRUE,FALSE
NorthernHarrier,Northern Harrier,Circus cyaneus,820,TRUE,TRUE,228,778,TRUE,TRUE,FALSE,FALSE,TRUE,TRUE
NorthernPintail,Northern Pintail,Anas acuta,1362,TRUE,TRUE,271,1294,TRUE,TRUE,FALSE,FALSE,TRUE,TRUE
NorthernPygmyOwl,Northern Pygmy-Owl,Glaucidium gnoma,23,FALSE,FALSE,0,0,TRUE,FALSE,FALSE,FALSE,FALSE,FALSE
NorthernWaterthrush,Northern Waterthrush,Parkesia noveboracensis,1640,TRUE,TRUE,1399,59,TRUE,TRUE,FALSE,FALSE,TRUE,TRUE
NorthernRoughwingedSwallow,Northern Rough-winged Swallow,Stelgidopteryx serripennis,73,TRUE,TRUE,32,39,TRUE,TRUE,FALSE,FALSE,TRUE,TRUE
NorthernShoveler,Northern Shoveler,Anas clypeata,2049,TRUE,TRUE,712,1913,TRUE,TRUE,FALSE,FALSE,TRUE,TRUE
OrangecrownedWarbler,Orange-crowned Warbler,Oreothlypis celata,2092,TRUE,TRUE,1970,143,TRUE,TRUE,FALSE,FALSE,TRUE,TRUE
OlivesidedFlycatcher,Olive-sided Flycatcher,Contopus cooperi,800,TRUE,TRUE,684,57,TRUE,TRUE,FALSE,FALSE,TRUE,TRUE
Osprey,Osprey,Pandion haliaetus,111,TRUE,TRUE,108,25,TRUE,TRUE,FALSE,FALSE,TRUE,TRUE
Ovenbird,Ovenbird,Seiurus aurocapilla,15284,TRUE,TRUE,11271,545,TRUE,TRUE,FALSE,FALSE,TRUE,TRUE
PalmWarbler,Palm Warbler,Setophaga palmarum,2225,TRUE,TRUE,2035,45,TRUE,TRUE,FALSE,FALSE,TRUE,TRUE
PiedbilledGrebe,Pied-billed Grebe,Podilymbus podiceps,563,TRUE,TRUE,336,266,TRUE,TRUE,FALSE,FALSE,TRUE,TRUE
PhiladelphiaVireo,Philadelphia Vireo,Vireo philadelphicus,1624,TRUE,TRUE,1070,164,TRUE,TRUE,FALSE,FALSE,TRUE,TRUE
PineGrosbeak,Pine Grosbeak,Pinicola enucleator,96,TRUE,FALSE,70,0,TRUE,TRUE,FALSE,FALSE,TRUE,FALSE
PineSiskin,Pine Siskin,Spinus pinus,5440,TRUE,TRUE,4734,369,TRUE,TRUE,FALSE,FALSE,TRUE,TRUE
PileatedWoodpecker,Pileated Woodpecker,Dryocopus pileatus,928,TRUE,TRUE,773,129,TRUE,TRUE,FALSE,FALSE,TRUE,TRUE
PurpleFinch,Purple Finch,Carpodacus purpureus,461,TRUE,TRUE,339,109,TRUE,TRUE,FALSE,FALSE,TRUE,TRUE
PurpleMartin,Purple Martin,Progne subis,135,TRUE,TRUE,129,122,TRUE,TRUE,FALSE,FALSE,TRUE,TRUE
RosebreastedGrosbeak,Rose-breasted Grosbeak,Pheucticus ludovicianus,6152,TRUE,TRUE,4755,940,TRUE,TRUE,FALSE,FALSE,TRUE,TRUE
RingbilledGull,Ring-billed Gull,Larus delawarensis,3269,TRUE,TRUE,1295,2942,TRUE,TRUE,FALSE,FALSE,TRUE,TRUE
RedbreastedNuthatch,Red-breasted Nuthatch,Sitta canadensis,4341,TRUE,TRUE,3526,320,TRUE,TRUE,FALSE,FALSE,TRUE,TRUE
RubycrownedKinglet,Ruby-crowned Kinglet,Regulus calendula,11447,TRUE,TRUE,9602,406,TRUE,TRUE,FALSE,FALSE,TRUE,TRUE
RedCrossbill,Red Crossbill,Loxia curvirostra,159,TRUE,FALSE,141,0,TRUE,TRUE,FALSE,FALSE,TRUE,FALSE
Redhead,Redhead,Aythya americana,520,TRUE,TRUE,316,459,TRUE,TRUE,FALSE,FALSE,TRUE,TRUE
RedeyedVireo,Red-eyed Vireo,Vireo olivaceus,16182,TRUE,TRUE,12985,4028,TRUE,TRUE,FALSE,FALSE,TRUE,TRUE
RingneckedDuck,Ring-necked Duck,Aythya collaris,209,TRUE,TRUE,157,110,TRUE,TRUE,FALSE,FALSE,TRUE,TRUE
RingneckedPheasant,Ring-necked Pheasant,Phasianus colchicus,1158,TRUE,TRUE,51,1122,TRUE,TRUE,FALSE,FALSE,TRUE,TRUE
RedneckedGrebe,Red-necked Grebe,Podiceps grisegena,1116,TRUE,TRUE,723,434,TRUE,TRUE,FALSE,FALSE,TRUE,TRUE
RedneckedPhalarope,Red-necked Phalarope,Phalaropus lobatus,25,FALSE,FALSE,0,0,TRUE,FALSE,FALSE,FALSE,FALSE,FALSE
RednapedSapsucker,Red-naped Sapsucker,Sphyrapicus nuchalis,42,TRUE,FALSE,38,0,TRUE,TRUE,FALSE,FALSE,TRUE,FALSE
RockPigeon,Rock Pigeon,Columba livia,2164,TRUE,TRUE,1029,2130,TRUE,TRUE,FALSE,FALSE,TRUE,TRUE
RockWren,Rock Wren,Salpinctes obsoletus,65,FALSE,TRUE,0,50,TRUE,TRUE,FALSE,FALSE,FALSE,TRUE
RedtailedHawk,Red-tailed Hawk,Buteo jamaicensis,3457,TRUE,TRUE,2511,3016,TRUE,TRUE,FALSE,FALSE,TRUE,TRUE
RubythroatedHummingbird,Ruby-throated Hummingbird,Archilochus colubris,44,TRUE,TRUE,40,36,TRUE,TRUE,FALSE,FALSE,TRUE,TRUE
RustyBlackbird,Rusty Blackbird,Euphagus carolinus,278,TRUE,TRUE,182,74,TRUE,TRUE,FALSE,FALSE,TRUE,TRUE
RuddyDuck,Ruddy Duck,Oxyura jamaicensis,476,TRUE,TRUE,323,441,TRUE,TRUE,FALSE,FALSE,TRUE,TRUE
RuffedGrouse,Ruffed Grouse,Bonasa umbellus,1739,TRUE,TRUE,1222,172,TRUE,TRUE,FALSE,FALSE,TRUE,TRUE
RedwingedBlackbird,Red-winged Blackbird,Agelaius phoeniceus,19507,TRUE,TRUE,10832,15865,TRUE,TRUE,FALSE,FALSE,TRUE,TRUE
SandhillCrane,Sandhill Crane,Grus canadensis,854,TRUE,TRUE,702,86,TRUE,TRUE,FALSE,FALSE,TRUE,TRUE
SaysPhoebe,Say's Phoebe,Sayornis saya,98,FALSE,TRUE,0,93,TRUE,TRUE,FALSE,FALSE,FALSE,TRUE
SavannahSparrow,Savannah Sparrow,Passerculus sandwichensis,25845,TRUE,TRUE,13203,23164,TRUE,TRUE,FALSE,FALSE,TRUE,TRUE
ShortbilledDowitcher,Short-billed Dowitcher,Limnodromus griseus,38,FALSE,FALSE,0,0,TRUE,FALSE,FALSE,FALSE,FALSE,FALSE
ShortearedOwl,Short-eared Owl,Asio flammeus,180,TRUE,TRUE,41,175,TRUE,TRUE,FALSE,FALSE,TRUE,TRUE
SemipalmatedPlover,Semipalmated Plover,Charadrius semipalmatus,1,FALSE,FALSE,0,0,TRUE,FALSE,FALSE,FALSE,FALSE,FALSE
SedgeWren,Sedge Wren,Cistothorus platensis,238,TRUE,FALSE,46,0,TRUE,TRUE,FALSE,FALSE,TRUE,FALSE
SnowBunting,Snow Bunting,Plectrophenax nivalis,1,FALSE,FALSE,0,0,TRUE,FALSE,FALSE,FALSE,FALSE,FALSE
SnowGoose,Snow Goose,Chen caerulescens,12,FALSE,FALSE,0,0,TRUE,FALSE,FALSE,FALSE,FALSE,FALSE
Sora,Sora,Porzana carolina,4359,TRUE,TRUE,2653,3004,TRUE,TRUE,FALSE,FALSE,TRUE,TRUE
SolitarySandpiper,Solitary Sandpiper,Tringa solitaria,624,TRUE,TRUE,511,81,TRUE,TRUE,FALSE,FALSE,TRUE,TRUE
SongSparrow,Song Sparrow,Melospiza melodia,9461,TRUE,TRUE,8692,7850,TRUE,TRUE,FALSE,FALSE,TRUE,TRUE
SpruceGrouse,Spruce Grouse,Falcipennis canadensis,39,FALSE,FALSE,0,0,TRUE,FALSE,FALSE,FALSE,FALSE,FALSE
SpraguesPipit,Sprague's Pipit,Anthus spragueii,4348,TRUE,TRUE,348,3879,TRUE,TRUE,FALSE,FALSE,TRUE,TRUE
SpottedSandpiper,Spotted Sandpiper,Actitis macularius,1289,TRUE,TRUE,867,550,TRUE,TRUE,FALSE,FALSE,TRUE,TRUE
SpottedTowhee,Spotted Towhee,Pipilo maculatus,36,FALSE,TRUE,0,36,TRUE,TRUE,FALSE,FALSE,FALSE,TRUE
SharpshinnedHawk,Sharp-shinned Hawk,Accipiter striatus,62,TRUE,TRUE,47,34,TRUE,TRUE,FALSE,FALSE,TRUE,TRUE
SharptailedGrouse,Sharp-tailed Grouse,Tympanuchus phasianellus,256,FALSE,TRUE,0,221,TRUE,TRUE,FALSE,FALSE,FALSE,TRUE
SwainsonsHawk,Swainson's Hawk,Buteo swainsoni,1871,TRUE,TRUE,317,1850,TRUE,TRUE,FALSE,FALSE,TRUE,TRUE
SwampSparrow,Swamp Sparrow,Melospiza georgiana,1789,TRUE,TRUE,1242,325,TRUE,TRUE,FALSE,FALSE,TRUE,TRUE
SwainsonsThrush,Swainson's Thrush,Catharus ustulatus,17208,TRUE,TRUE,13656,470,TRUE,TRUE,FALSE,FALSE,TRUE,TRUE
TennesseeWarbler,Tennessee Warbler,Oreothlypis peregrina,18271,TRUE,TRUE,13989,450,TRUE,TRUE,FALSE,FALSE,TRUE,TRUE
TownsendsSolitaire,Townsend's Solitaire,Myadestes townsendi,141,TRUE,FALSE,141,0,TRUE,TRUE,FALSE,FALSE,TRUE,FALSE
TreeSwallow,Tree Swallow,Tachycineta bicolor,6485,TRUE,TRUE,5378,4715,TRUE,TRUE,FALSE,FALSE,TRUE,TRUE
TrumpeterSwan,Trumpeter Swan,Cygnus buccinator,12,FALSE,FALSE,0,0,TRUE,FALSE,FALSE,FALSE,FALSE,FALSE
TundraSwan,Tundra Swan,Cygnus columbianus,45,FALSE,FALSE,0,0,TRUE,FALSE,FALSE,FALSE,FALSE,FALSE
TurkeyVulture,Turkey Vulture,Cathartes aura,6,FALSE,FALSE,0,0,TRUE,FALSE,FALSE,FALSE,FALSE,FALSE
UplandSandpiper,Upland Sandpiper,Bartramia longicauda,692,TRUE,TRUE,60,596,TRUE,TRUE,FALSE,FALSE,TRUE,TRUE
VariedThrush,Varied Thrush,Ixoreus naevius,2034,TRUE,FALSE,1526,0,TRUE,TRUE,FALSE,FALSE,TRUE,FALSE
Veery,Veery,Catharus fuscescens,169,TRUE,TRUE,167,56,TRUE,TRUE,FALSE,FALSE,TRUE,TRUE
VesperSparrow,Vesper Sparrow,Pooecetes gramineus,18264,TRUE,TRUE,5472,17085,TRUE,TRUE,FALSE,FALSE,TRUE,TRUE
VioletgreenSwallow,Violet-green Swallow,Tachycineta thalassina,40,FALSE,FALSE,0,0,TRUE,FALSE,FALSE,FALSE,FALSE,FALSE
VirginiaRail,Virginia Rail,Rallus limicola,11,FALSE,FALSE,0,0,TRUE,FALSE,FALSE,FALSE,FALSE,FALSE
WarblingVireo,Warbling Vireo,Vireo gilvus,5964,TRUE,TRUE,5531,1991,TRUE,TRUE,FALSE,FALSE,TRUE,TRUE
WhitebreastedNuthatch,White-breasted Nuthatch,Sitta carolinensis,232,TRUE,TRUE,205,72,TRUE,TRUE,FALSE,FALSE,TRUE,TRUE
WhitecrownedSparrow,White-crowned Sparrow,Zonotrichia leucophrys,1350,TRUE,TRUE,1253,146,TRUE,TRUE,FALSE,FALSE,TRUE,TRUE
WesternGrebe,Western Grebe,Aechmophorus occidentalis,48,TRUE,TRUE,32,35,TRUE,TRUE,FALSE,FALSE,TRUE,TRUE
WesternKingbird,Western Kingbird,Tyrannus verticalis,826,FALSE,TRUE,0,822,TRUE,TRUE,FALSE,FALSE,FALSE,TRUE
WesternMeadowlark,Western Meadowlark,Sturnella neglecta,20584,TRUE,TRUE,2439,19414,TRUE,TRUE,FALSE,FALSE,TRUE,TRUE
WesternTanager,Western Tanager,Piranga ludoviciana,3112,TRUE,TRUE,2450,125,TRUE,TRUE,FALSE,FALSE,TRUE,TRUE
WesternWoodPewee,Western Wood-Pewee,Contopus sordidulus,2152,TRUE,TRUE,1812,983,TRUE,TRUE,FALSE,FALSE,TRUE,TRUE
WillowFlycatcher,Willow Flycatcher,Empidonax traillii,117,TRUE,TRUE,110,29,TRUE,TRUE,FALSE,FALSE,TRUE,TRUE
Willet,Willet,Tringa semipalmata,3020,TRUE,TRUE,384,2761,TRUE,TRUE,FALSE,FALSE,TRUE,TRUE
WilsonsPhalarope,Wilson's Phalarope,Phalaropus tricolor,601,TRUE,TRUE,87,563,TRUE,TRUE,FALSE,FALSE,TRUE,TRUE
WilsonsSnipe,Wilson's Snipe,Gallinago delicata,12172,TRUE,TRUE,8842,6511,TRUE,TRUE,FALSE,FALSE,TRUE,TRUE
WilsonsWarbler,Wilson's Warbler,Cardellina pusilla,1142,TRUE,FALSE,1090,0,TRUE,TRUE,FALSE,FALSE,TRUE,FALSE
WinterWren,Winter Wren,Troglodytes hiemalis,3585,TRUE,FALSE,2265,0,TRUE,TRUE,FALSE,FALSE,TRUE,FALSE
WoodDuck,Wood Duck,Aix sponsa,4,FALSE,FALSE,0,0,TRUE,FALSE,FALSE,FALSE,FALSE,FALSE
WhitethroatedSparrow,White-throated Sparrow,Zonotrichia albicollis,23366,TRUE,TRUE,18611,3725,TRUE,TRUE,FALSE,FALSE,TRUE,TRUE
WhitewingedCrossbill,White-winged Crossbill,Loxia leucoptera,1426,TRUE,TRUE,1257,30,TRUE,TRUE,FALSE,FALSE,TRUE,TRUE
YellowbelliedFlycatcher,Yellow-bellied Flycatcher,Empidonax flaviventris,749,TRUE,FALSE,719,0,TRUE,TRUE,FALSE,FALSE,TRUE,FALSE
YellowbelliedSapsucker,Yellow-bellied Sapsucker,Sphyrapicus varius,4280,TRUE,TRUE,3216,591,TRUE,TRUE,FALSE,FALSE,TRUE,TRUE
YellowRail,Yellow Rail,Coturnicops noveboracensis,241,TRUE,TRUE,59,25,TRUE,TRUE,FALSE,FALSE,TRUE,TRUE
YellowWarbler,Yellow Warbler,Setophaga petechia,3357,TRUE,TRUE,2142,846,TRUE,TRUE,FALSE,FALSE,TRUE,TRUE
YellowheadedBlackbird,Yellow-headed Blackbird,Xanthocephalus xanthocephalus,1992,TRUE,TRUE,680,1800,TRUE,TRUE,FALSE,FALSE,TRUE,TRUE
YellowrumpedWarbler,Yellow-rumped Warbler,Setophaga coronata,14559,TRUE,TRUE,10109,184,TRUE,TRUE,FALSE,FALSE,TRUE,TRUE
