sppid,species,scinam,ndet,nsite,map.det,useavail.north,veghf.north,useavail.south,soilhf.south,map.pred,comments
Abietinella.abietina,NA,Abietinella abietina,73,53,TRUE,FALSE,TRUE,FALSE,TRUE,TRUE,
Amblystegium.serpens,NA,Amblystegium serpens,1262,673,TRUE,FALSE,TRUE,FALSE,TRUE,TRUE,
Anastrophyllum.hellerianum,NA,Anastrophyllum hellerianum,182,126,TRUE,FALSE,TRUE,FALSE,FALSE,TRUE,
Anastrophyllum.minutum,NA,Anastrophyllum minutum,8,7,TRUE,TRUE,FALSE,FALSE,FALSE,FALSE,
Anastrophyllum.saxicola,NA,Anastrophyllum saxicola,2,1,TRUE,FALSE,FALSE,FALSE,FALSE,FALSE,
Anastrophyllum.sphenoloboides,NA,Anastrophyllum sphenoloboides,1,1,TRUE,FALSE,FALSE,FALSE,FALSE,FALSE,
Andreaea.rupestris,NA,Andreaea rupestris,4,3,TRUE,TRUE,FALSE,FALSE,FALSE,FALSE,
Aneura.pinguis,NA,Aneura pinguis,30,27,TRUE,FALSE,TRUE,FALSE,FALSE,TRUE,
Astomum.muhlenbergianum,NA,Astomum muhlenbergianum,1,1,TRUE,FALSE,FALSE,FALSE,FALSE,FALSE,
Atrichum.selwynii,NA,Atrichum selwynii,1,1,TRUE,FALSE,FALSE,FALSE,FALSE,FALSE,
Aulacomnium.androgynum,NA,Aulacomnium androgynum,3,3,TRUE,FALSE,FALSE,FALSE,FALSE,FALSE,
Aulacomnium.palustre,NA,Aulacomnium palustre,1359,666,TRUE,FALSE,TRUE,TRUE,FALSE,TRUE,
Aulacomnium.turgidum,NA,Aulacomnium turgidum,5,4,TRUE,TRUE,FALSE,FALSE,FALSE,FALSE,
Barbilophozia.attenuata,NA,Barbilophozia attenuata,3,3,TRUE,TRUE,FALSE,FALSE,FALSE,FALSE,
Barbilophozia.barbata,NA,Barbilophozia barbata,5,5,TRUE,TRUE,FALSE,FALSE,FALSE,FALSE,
Barbilophozia.hatcheri,NA,Barbilophozia hatcheri,52,25,TRUE,FALSE,TRUE,FALSE,FALSE,TRUE,
Barbilophozia.kunzeana,NA,Barbilophozia kunzeana,34,28,TRUE,FALSE,TRUE,FALSE,FALSE,TRUE,
Barbilophozia.lycopodioides,NA,Barbilophozia lycopodioides,7,4,TRUE,TRUE,FALSE,FALSE,FALSE,FALSE,
Barbilophozia.quadriloba,NA,Barbilophozia quadriloba,2,2,TRUE,FALSE,FALSE,FALSE,FALSE,FALSE,
Barbula.convoluta,NA,Barbula convoluta,43,30,TRUE,FALSE,TRUE,TRUE,FALSE,TRUE,
Barbula.unguiculata,NA,Barbula unguiculata,43,39,TRUE,FALSE,TRUE,TRUE,FALSE,TRUE,
Blasia.pusilla,NA,Blasia pusilla,16,14,TRUE,TRUE,FALSE,FALSE,FALSE,FALSE,
Blepharostoma.trichophyllum,NA,Blepharostoma trichophyllum,309,211,TRUE,FALSE,TRUE,FALSE,FALSE,TRUE,
Blindia.acuta,NA,Blindia acuta,1,1,TRUE,FALSE,FALSE,FALSE,FALSE,FALSE,
Brachythecium.All,NA,Brachythecium All,2021,873,TRUE,FALSE,TRUE,FALSE,TRUE,TRUE,
Bryoerythrophyllum.recurvirostrum,NA,Bryoerythrophyllum recurvirostrum,41,33,TRUE,FALSE,TRUE,FALSE,FALSE,TRUE,
Bryum.All,NA,Bryum All,1715,892,TRUE,FALSE,TRUE,FALSE,TRUE,TRUE,
Bucklandiella.heterosticha,NA,Bucklandiella heterosticha,2,2,TRUE,FALSE,FALSE,FALSE,FALSE,FALSE,
Bucklandiella.sudetica,NA,Bucklandiella sudetica,2,2,TRUE,FALSE,FALSE,FALSE,FALSE,FALSE,
Callicladium.haldanianum,NA,Callicladium haldanianum,4,4,TRUE,TRUE,FALSE,FALSE,FALSE,FALSE,
Calliergon.cordifolium,NA,Calliergon cordifolium,67,49,TRUE,FALSE,TRUE,FALSE,FALSE,TRUE,
Calliergon.giganteum,NA,Calliergon giganteum,76,56,TRUE,FALSE,TRUE,FALSE,FALSE,TRUE,
Calliergon.richardsonii,NA,Calliergon richardsonii,63,49,TRUE,FALSE,TRUE,FALSE,FALSE,TRUE,
Calliergonella.cuspidata,NA,Calliergonella cuspidata,2,1,TRUE,FALSE,FALSE,FALSE,FALSE,FALSE,
Calypogeia.integristipula,NA,Calypogeia integristipula,1,1,TRUE,FALSE,FALSE,FALSE,FALSE,FALSE,
Calypogeia.muelleriana,NA,Calypogeia muelleriana,19,17,TRUE,TRUE,FALSE,FALSE,FALSE,FALSE,
Calypogeia.neesiana,NA,Calypogeia neesiana,26,22,TRUE,FALSE,TRUE,FALSE,FALSE,TRUE,
Calypogeia.sphagnicola,NA,Calypogeia sphagnicola,169,131,TRUE,FALSE,TRUE,FALSE,FALSE,TRUE,
Calypogeia.suecica,NA,Calypogeia suecica,14,10,TRUE,TRUE,FALSE,FALSE,FALSE,FALSE,
Campyliadelphus.chrysophyllus,NA,Campyliadelphus chrysophyllus,112,89,TRUE,FALSE,TRUE,TRUE,FALSE,TRUE,
Campylium.stellatum,NA,Campylium stellatum,290,198,TRUE,FALSE,TRUE,TRUE,FALSE,TRUE,
Campylophyllum.halleri,NA,Campylophyllum halleri,25,14,TRUE,TRUE,FALSE,FALSE,FALSE,FALSE,
Campylophyllum.hispidulum,NA,Campylophyllum hispidulum,697,404,TRUE,FALSE,TRUE,TRUE,FALSE,TRUE,
Catoscopium.nigritum,NA,Catoscopium nigritum,2,2,TRUE,FALSE,FALSE,FALSE,FALSE,FALSE,
Cephalozia.bicuspidata,NA,Cephalozia bicuspidata,11,9,TRUE,TRUE,FALSE,FALSE,FALSE,FALSE,
Cephalozia.catenulata,NA,Cephalozia catenulata,9,6,TRUE,TRUE,FALSE,FALSE,FALSE,FALSE,
Cephalozia.connivens,NA,Cephalozia connivens,64,43,TRUE,FALSE,TRUE,FALSE,FALSE,TRUE,
Cephalozia.lacinulata,NA,Cephalozia lacinulata,2,2,TRUE,FALSE,FALSE,FALSE,FALSE,FALSE,
Cephalozia.leucantha,NA,Cephalozia leucantha,2,2,TRUE,FALSE,FALSE,FALSE,FALSE,FALSE,
Cephalozia.loitlesbergeri,NA,Cephalozia loitlesbergeri,11,10,TRUE,TRUE,FALSE,FALSE,FALSE,FALSE,
Cephalozia.lunulifolia,NA,Cephalozia lunulifolia,210,149,TRUE,FALSE,TRUE,FALSE,FALSE,TRUE,
Cephalozia.macounii,NA,Cephalozia macounii,1,1,TRUE,FALSE,FALSE,FALSE,FALSE,FALSE,
Cephalozia.pleniceps,NA,Cephalozia pleniceps,87,71,TRUE,FALSE,TRUE,FALSE,FALSE,TRUE,
Cephaloziella.All,NA,Cephaloziella All,537,331,TRUE,FALSE,TRUE,FALSE,FALSE,TRUE,
Ceratodon.purpureus,NA,Ceratodon purpureus,1570,829,TRUE,FALSE,TRUE,FALSE,TRUE,TRUE,
Chiloscyphus.pallescens.polyanthos,NA,Chiloscyphus pallescens/polyanthos,133,99,TRUE,FALSE,TRUE,FALSE,FALSE,TRUE,
Cinclidium.stygium,NA,Cinclidium stygium,13,10,TRUE,TRUE,FALSE,FALSE,FALSE,FALSE,
Cladopodiella.fluitans,NA,Cladopodiella fluitans,12,9,TRUE,TRUE,FALSE,FALSE,FALSE,FALSE,
Climacium.dendroides,NA,Climacium dendroides,210,169,TRUE,FALSE,TRUE,FALSE,FALSE,TRUE,
Conardia.compacta,NA,Conardia compacta,9,7,TRUE,TRUE,FALSE,FALSE,FALSE,FALSE,
Conocephalum.conicum,NA,Conocephalum conicum,3,3,TRUE,FALSE,FALSE,FALSE,FALSE,FALSE,
Cratoneuron.filicinum,NA,Cratoneuron filicinum,7,7,TRUE,TRUE,FALSE,FALSE,FALSE,FALSE,
Cynodontium.schisti,NA,Cynodontium schisti,3,2,TRUE,FALSE,FALSE,FALSE,FALSE,FALSE,
Cynodontium.strumiferum,NA,Cynodontium strumiferum,21,10,TRUE,TRUE,FALSE,FALSE,FALSE,FALSE,
Cynodontium.tenellum,NA,Cynodontium tenellum,3,2,TRUE,FALSE,FALSE,FALSE,FALSE,FALSE,
Cyrtomnium.hymenophylloides,NA,Cyrtomnium hymenophylloides,1,1,TRUE,FALSE,FALSE,FALSE,FALSE,FALSE,
Dichodontium.pellucidum,NA,Dichodontium pellucidum,1,1,TRUE,FALSE,FALSE,FALSE,FALSE,FALSE,
Dicranella.cerviculata,NA,Dicranella cerviculata,1,1,TRUE,FALSE,FALSE,FALSE,FALSE,FALSE,
Dicranella.grevilleana,NA,Dicranella grevilleana,2,2,TRUE,FALSE,FALSE,FALSE,FALSE,FALSE,
Dicranella.heteromalla,NA,Dicranella heteromalla,1,1,TRUE,FALSE,FALSE,FALSE,FALSE,FALSE,
Dicranella.palustris,NA,Dicranella palustris,3,3,TRUE,TRUE,FALSE,FALSE,FALSE,FALSE,
Dicranella.schreberiana,NA,Dicranella schreberiana,18,15,TRUE,TRUE,FALSE,FALSE,FALSE,FALSE,
Dicranella.subulata,NA,Dicranella subulata,2,2,TRUE,FALSE,FALSE,FALSE,FALSE,FALSE,
Dicranella.varia,NA,Dicranella varia,2,2,TRUE,FALSE,FALSE,FALSE,FALSE,FALSE,
Dicranum.acutifolium,NA,Dicranum acutifolium,52,44,TRUE,FALSE,TRUE,FALSE,FALSE,TRUE,
Dicranum.bonjeanii,NA,Dicranum bonjeanii,6,6,TRUE,TRUE,FALSE,FALSE,FALSE,FALSE,
Dicranum.brevifolium,NA,Dicranum brevifolium,1,1,TRUE,FALSE,FALSE,FALSE,FALSE,FALSE,
Dicranum.elongatum,NA,Dicranum elongatum,73,48,TRUE,FALSE,TRUE,FALSE,FALSE,TRUE,
Dicranum.flagellare,NA,Dicranum flagellare,425,295,TRUE,FALSE,TRUE,TRUE,FALSE,TRUE,
Dicranum.fragilifolium,NA,Dicranum fragilifolium,259,182,TRUE,FALSE,TRUE,FALSE,FALSE,TRUE,
Dicranum.fuscescens,NA,Dicranum fuscescens,468,299,TRUE,FALSE,TRUE,FALSE,FALSE,TRUE,
Dicranum.groenlandicum,NA,Dicranum groenlandicum,22,14,TRUE,TRUE,FALSE,FALSE,FALSE,FALSE,
Dicranum.montanum,NA,Dicranum montanum,26,22,TRUE,FALSE,TRUE,FALSE,FALSE,TRUE,
Dicranum.muehlenbeckii,NA,Dicranum muehlenbeckii,11,9,TRUE,TRUE,FALSE,FALSE,FALSE,FALSE,
Dicranum.ontariense,NA,Dicranum ontariense,2,2,TRUE,FALSE,FALSE,FALSE,FALSE,FALSE,
Dicranum.polysetum,NA,Dicranum polysetum,638,395,TRUE,FALSE,TRUE,FALSE,FALSE,TRUE,
Dicranum.scoparium,NA,Dicranum scoparium,232,172,TRUE,FALSE,TRUE,FALSE,FALSE,TRUE,
Dicranum.spadiceum,NA,Dicranum spadiceum,4,4,TRUE,TRUE,FALSE,FALSE,FALSE,FALSE,
Dicranum.tauricum,NA,Dicranum tauricum,1,1,TRUE,FALSE,FALSE,FALSE,FALSE,FALSE,
Dicranum.undulatum,NA,Dicranum undulatum,823,450,TRUE,FALSE,TRUE,FALSE,FALSE,TRUE,
Didymodon.fallax,NA,Didymodon fallax,6,6,TRUE,TRUE,FALSE,FALSE,FALSE,FALSE,
Didymodon.rigidulus,NA,Didymodon rigidulus,3,3,TRUE,FALSE,FALSE,FALSE,FALSE,FALSE,
Distichium.capillaceum,NA,Distichium capillaceum,26,20,TRUE,TRUE,FALSE,FALSE,FALSE,FALSE,
Distichium.inclinatum,NA,Distichium inclinatum,5,5,TRUE,TRUE,FALSE,FALSE,FALSE,FALSE,
Ditrichum.flexicaule,NA,Ditrichum flexicaule,29,18,TRUE,TRUE,FALSE,FALSE,FALSE,FALSE,
Ditrichum.gracile,NA,Ditrichum gracile,1,1,TRUE,FALSE,FALSE,FALSE,FALSE,FALSE,
Drepanocladus.aduncus,NA,Drepanocladus aduncus,446,312,TRUE,FALSE,TRUE,FALSE,TRUE,TRUE,
Drepanocladus.polygamus,NA,Drepanocladus polygamus,38,34,TRUE,FALSE,TRUE,FALSE,FALSE,TRUE,
Drepanocladus.revolvens,NA,Drepanocladus revolvens,2,2,TRUE,FALSE,FALSE,FALSE,FALSE,FALSE,
Drepanocladus.sordidus,NA,Drepanocladus sordidus,9,5,TRUE,TRUE,FALSE,FALSE,FALSE,FALSE,
Encalypta.ciliata,NA,Encalypta ciliata,1,1,TRUE,FALSE,FALSE,FALSE,FALSE,FALSE,
Encalypta.rhaptocarpa,NA,Encalypta rhaptocarpa,3,2,TRUE,FALSE,FALSE,FALSE,FALSE,FALSE,
Entodon.brevisetus,NA,Entodon brevisetus,2,2,TRUE,FALSE,FALSE,FALSE,FALSE,FALSE,
Eurhynchiastrum.pulchellum,NA,Eurhynchiastrum pulchellum,901,496,TRUE,FALSE,TRUE,FALSE,TRUE,TRUE,
Fissidens.bryoides,NA,Fissidens bryoides,5,5,TRUE,TRUE,FALSE,FALSE,FALSE,FALSE,
Fontinalis.hypnoides,NA,Fontinalis hypnoides,1,1,TRUE,FALSE,FALSE,FALSE,FALSE,FALSE,
Fontinalis.neomexicana,NA,Fontinalis neomexicana,1,1,TRUE,FALSE,FALSE,FALSE,FALSE,FALSE,
Funaria.hygrometrica,NA,Funaria hygrometrica,80,67,TRUE,FALSE,TRUE,TRUE,FALSE,TRUE,
Geocalyx.graveolens,NA,Geocalyx graveolens,124,98,TRUE,FALSE,TRUE,FALSE,FALSE,TRUE,
Grimmia.anodon,NA,Grimmia anodon,10,9,TRUE,FALSE,FALSE,TRUE,FALSE,FALSE,
Grimmia.muehlenbeckii,NA,Grimmia muehlenbeckii,2,1,TRUE,FALSE,FALSE,FALSE,FALSE,FALSE,
Grimmia.trichophylla,NA,Grimmia trichophylla,2,2,TRUE,FALSE,FALSE,FALSE,FALSE,FALSE,
Gymnocolea.inflata,NA,Gymnocolea inflata,4,4,TRUE,TRUE,FALSE,FALSE,FALSE,FALSE,
Gymnostomum.aeruginosum,NA,Gymnostomum aeruginosum,2,2,TRUE,FALSE,FALSE,FALSE,FALSE,FALSE,
Hamatocaulis.vernicosus,NA,Hamatocaulis vernicosus,71,47,TRUE,FALSE,TRUE,FALSE,FALSE,TRUE,
Haplocladium.microphyllum,NA,Haplocladium microphyllum,440,268,TRUE,FALSE,TRUE,FALSE,TRUE,TRUE,
Haplocladium.virginianum,NA,Haplocladium virginianum,2,2,TRUE,FALSE,FALSE,FALSE,FALSE,FALSE,
Harpanthus.drummondii,NA,Harpanthus drummondii,8,5,TRUE,TRUE,FALSE,FALSE,FALSE,FALSE,
Hedwigia.ciliata,NA,Hedwigia ciliata,41,17,TRUE,TRUE,FALSE,FALSE,FALSE,FALSE,
Helodium.blandowii,NA,Helodium blandowii,225,141,TRUE,FALSE,TRUE,FALSE,FALSE,TRUE,
Hennediella.heimii,NA,Hennediella heimii,1,1,TRUE,FALSE,FALSE,FALSE,FALSE,FALSE,
Herzogiella.turfacea,NA,Herzogiella turfacea,104,79,TRUE,FALSE,TRUE,FALSE,FALSE,TRUE,
Hygroamblystegium.varium,NA,Hygroamblystegium varium,44,34,TRUE,FALSE,TRUE,TRUE,FALSE,TRUE,
Hygrohypnum.luridum,NA,Hygrohypnum luridum,2,2,TRUE,FALSE,FALSE,FALSE,FALSE,FALSE,
Hygrohypnum.ochraceum,NA,Hygrohypnum ochraceum,1,1,TRUE,FALSE,FALSE,FALSE,FALSE,FALSE,
Hylocomium.splendens,NA,Hylocomium splendens,1426,654,TRUE,FALSE,TRUE,TRUE,FALSE,TRUE,
Hypnum.bambergeri,NA,Hypnum bambergeri,2,2,TRUE,FALSE,FALSE,FALSE,FALSE,FALSE,
Hypnum.callichroum,NA,Hypnum callichroum,1,1,TRUE,FALSE,FALSE,FALSE,FALSE,FALSE,
Hypnum.cupressiforme,NA,Hypnum cupressiforme,23,16,TRUE,TRUE,FALSE,FALSE,FALSE,FALSE,
Hypnum.holmenii,NA,Hypnum holmenii,2,2,TRUE,FALSE,FALSE,FALSE,FALSE,FALSE,
Hypnum.lindbergii,NA,Hypnum lindbergii,63,52,TRUE,FALSE,TRUE,FALSE,FALSE,TRUE,
Hypnum.pallescens,NA,Hypnum pallescens,38,32,TRUE,FALSE,TRUE,TRUE,FALSE,TRUE,
Hypnum.plicatulum,NA,Hypnum plicatulum,13,7,TRUE,TRUE,FALSE,FALSE,FALSE,FALSE,
Hypnum.pratense,NA,Hypnum pratense,352,252,TRUE,FALSE,TRUE,FALSE,FALSE,TRUE,
Hypnum.recurvatum,NA,Hypnum recurvatum,2,2,TRUE,FALSE,FALSE,FALSE,FALSE,FALSE,
Hypnum.revolutum,NA,Hypnum revolutum,14,7,TRUE,TRUE,FALSE,FALSE,FALSE,FALSE,
Hypnum.vaucheri,NA,Hypnum vaucheri,5,5,TRUE,FALSE,FALSE,FALSE,FALSE,FALSE,
Isopterygiopsis.muelleriana,NA,Isopterygiopsis muelleriana,2,2,TRUE,FALSE,FALSE,FALSE,FALSE,FALSE,
Isopterygiopsis.pulchella,NA,Isopterygiopsis pulchella,35,32,TRUE,FALSE,TRUE,FALSE,FALSE,TRUE,
Isopterygium.pulchellum,NA,Isopterygium pulchellum,1,1,TRUE,FALSE,FALSE,FALSE,FALSE,FALSE,
Jaffueliobryum.wrightii,NA,Jaffueliobryum wrightii,1,1,TRUE,FALSE,FALSE,FALSE,FALSE,FALSE,
Jamesoniella.autumnalis,NA,Jamesoniella autumnalis,496,311,TRUE,FALSE,TRUE,FALSE,FALSE,TRUE,
Jungermannia.karl.meulleri,NA,Jungermannia karl-meulleri,1,1,TRUE,FALSE,FALSE,FALSE,FALSE,FALSE,
Jungermannia.lanceolata,NA,Jungermannia lanceolata,1,1,TRUE,FALSE,FALSE,FALSE,FALSE,FALSE,
Kiaeria.falcata,NA,Kiaeria falcata,1,1,TRUE,FALSE,FALSE,FALSE,FALSE,FALSE,
Lepidozia.reptans,NA,Lepidozia reptans,400,276,TRUE,FALSE,TRUE,FALSE,FALSE,TRUE,
Leptobryum.pyriforme,NA,Leptobryum pyriforme,461,328,TRUE,FALSE,TRUE,FALSE,TRUE,TRUE,
Leptodictyum.riparium,NA,Leptodictyum riparium,44,38,TRUE,FALSE,TRUE,TRUE,FALSE,TRUE,
Leskea.obscura,NA,Leskea obscura,1,1,TRUE,FALSE,FALSE,FALSE,FALSE,FALSE,
Leskea.polycarpa,NA,Leskea polycarpa,16,11,TRUE,TRUE,FALSE,TRUE,FALSE,FALSE,
Lophocolea.bidentata,NA,Lophocolea bidentata,8,8,TRUE,TRUE,FALSE,FALSE,FALSE,FALSE,
Lophocolea.heterophylla,NA,Lophocolea heterophylla,374,218,TRUE,FALSE,TRUE,FALSE,FALSE,TRUE,
Lophocolea.minor,NA,Lophocolea minor,176,145,TRUE,FALSE,TRUE,TRUE,FALSE,TRUE,
Lophozia.alpestris,NA,Lophozia alpestris,23,15,TRUE,TRUE,FALSE,FALSE,FALSE,FALSE,
Lophozia.ascendens,NA,Lophozia ascendens,48,41,TRUE,FALSE,TRUE,FALSE,FALSE,TRUE,
Lophozia.badensis,NA,Lophozia badensis,4,3,TRUE,TRUE,FALSE,FALSE,FALSE,FALSE,
Lophozia.bantriensis,NA,Lophozia bantriensis,1,1,TRUE,FALSE,FALSE,FALSE,FALSE,FALSE,
Lophozia.bicrenata,NA,Lophozia bicrenata,8,8,TRUE,TRUE,FALSE,FALSE,FALSE,FALSE,
Lophozia.capitata,NA,Lophozia capitata,3,3,TRUE,TRUE,FALSE,FALSE,FALSE,FALSE,
Lophozia.collaris,NA,Lophozia collaris,1,1,TRUE,FALSE,FALSE,FALSE,FALSE,FALSE,
Lophozia.excisa,NA,Lophozia excisa,39,33,TRUE,FALSE,TRUE,FALSE,FALSE,TRUE,
Lophozia.gillmanii,NA,Lophozia gillmanii,5,5,TRUE,TRUE,FALSE,FALSE,FALSE,FALSE,
Lophozia.grandiretis,NA,Lophozia grandiretis,1,1,TRUE,FALSE,FALSE,FALSE,FALSE,FALSE,
Lophozia.heterocolpos,NA,Lophozia heterocolpos,67,63,TRUE,FALSE,TRUE,FALSE,FALSE,TRUE,
Lophozia.incisa,NA,Lophozia incisa,11,10,TRUE,TRUE,FALSE,FALSE,FALSE,FALSE,
Lophozia.kunzeana,NA,Lophozia kunzeana,2,2,TRUE,FALSE,FALSE,FALSE,FALSE,FALSE,
Lophozia.laxa,NA,Lophozia laxa,20,18,TRUE,TRUE,FALSE,FALSE,FALSE,FALSE,
Lophozia.longidens,NA,Lophozia longidens,23,18,TRUE,TRUE,FALSE,FALSE,FALSE,FALSE,
Lophozia.longiflora,NA,Lophozia longiflora,9,7,TRUE,TRUE,FALSE,FALSE,FALSE,FALSE,
Lophozia.obtusa,NA,Lophozia obtusa,7,7,TRUE,TRUE,FALSE,FALSE,FALSE,FALSE,
Lophozia.rutheana,NA,Lophozia rutheana,8,6,TRUE,TRUE,FALSE,FALSE,FALSE,FALSE,
Lophozia.ventricosa,NA,Lophozia ventricosa,309,195,TRUE,FALSE,TRUE,FALSE,FALSE,TRUE,
Lophozia.wenzelii,NA,Lophozia wenzelii,3,3,TRUE,TRUE,FALSE,FALSE,FALSE,FALSE,
Marchantia.polymorpha,NA,Marchantia polymorpha,197,139,TRUE,FALSE,TRUE,TRUE,FALSE,TRUE,
Meesia.triquetra,NA,Meesia triquetra,16,13,TRUE,TRUE,FALSE,FALSE,FALSE,FALSE,
Meesia.uliginosa,NA,Meesia uliginosa,57,33,TRUE,FALSE,TRUE,FALSE,FALSE,TRUE,
Microbryum.vlassovii,NA,Microbryum vlassovii,1,1,TRUE,FALSE,FALSE,FALSE,FALSE,FALSE,
Mnium.ambiguum,NA,Mnium ambiguum,2,2,TRUE,FALSE,FALSE,FALSE,FALSE,FALSE,
Mnium.blyttii,NA,Mnium blyttii,1,1,TRUE,FALSE,FALSE,FALSE,FALSE,FALSE,
Mnium.lycopodioides,NA,Mnium lycopodioides,1,1,TRUE,FALSE,FALSE,FALSE,FALSE,FALSE,
Mnium.marginatum,NA,Mnium marginatum,8,8,TRUE,TRUE,FALSE,FALSE,FALSE,FALSE,
Mnium.spinulosum,NA,Mnium spinulosum,199,146,TRUE,FALSE,TRUE,FALSE,FALSE,TRUE,
Mnium.thomsonii,NA,Mnium thomsonii,1,1,TRUE,FALSE,FALSE,FALSE,FALSE,FALSE,
Moerckia.hibernica,NA,Moerckia hibernica,4,4,TRUE,TRUE,FALSE,FALSE,FALSE,FALSE,
Mylia.anomala,NA,Mylia anomala,313,183,TRUE,FALSE,TRUE,FALSE,FALSE,TRUE,
Myurella.julacea,NA,Myurella julacea,58,37,TRUE,FALSE,TRUE,FALSE,FALSE,TRUE,
Myurella.sibirica,NA,Myurella sibirica,1,1,TRUE,FALSE,FALSE,FALSE,FALSE,FALSE,
Myurella.tenerrima,NA,Myurella tenerrima,1,1,TRUE,FALSE,FALSE,FALSE,FALSE,FALSE,
Nardia.geoscyphus,NA,Nardia geoscyphus,1,1,TRUE,FALSE,FALSE,FALSE,FALSE,FALSE,
Odontoschisma.denudatum,NA,Odontoschisma denudatum,11,9,TRUE,TRUE,FALSE,FALSE,FALSE,FALSE,
Oncophorus.virens,NA,Oncophorus virens,1,1,TRUE,FALSE,FALSE,FALSE,FALSE,FALSE,
Oncophorus.wahlenbergii,NA,Oncophorus wahlenbergii,644,400,TRUE,FALSE,TRUE,TRUE,FALSE,TRUE,
Oreas.martiana,NA,Oreas martiana,2,1,TRUE,FALSE,FALSE,FALSE,FALSE,FALSE,
Orthothecium.chryseum,NA,Orthothecium chryseum,2,2,TRUE,FALSE,FALSE,FALSE,FALSE,FALSE,
Orthotrichum.affine,NA,Orthotrichum affine,1,1,TRUE,FALSE,FALSE,FALSE,FALSE,FALSE,
Orthotrichum.elegans.speciosum,NA,Orthotrichum elegans/speciosum,305,227,TRUE,FALSE,TRUE,FALSE,TRUE,TRUE,
Orthotrichum.obtusifolium,NA,Orthotrichum obtusifolium,549,357,TRUE,FALSE,TRUE,FALSE,TRUE,TRUE,
Orthotrichum.pallens,NA,Orthotrichum pallens,1,1,TRUE,FALSE,FALSE,FALSE,FALSE,FALSE,
Orthotrichum.pumilum,NA,Orthotrichum pumilum,1,1,TRUE,FALSE,FALSE,FALSE,FALSE,FALSE,
Orthotrichum.pylaisii,NA,Orthotrichum pylaisii,1,1,TRUE,FALSE,FALSE,FALSE,FALSE,FALSE,
Paludella.squarrosa,NA,Paludella squarrosa,12,8,TRUE,TRUE,FALSE,FALSE,FALSE,FALSE,
Palustriella.commutata,NA,Palustriella commutata,1,1,TRUE,FALSE,FALSE,FALSE,FALSE,FALSE,
Palustriella.falcata,NA,Palustriella falcata,1,1,TRUE,FALSE,FALSE,FALSE,FALSE,FALSE,
Pellia.endiviifolia,NA,Pellia endiviifolia,1,1,TRUE,FALSE,FALSE,FALSE,FALSE,FALSE,
Pellia.neesiana,NA,Pellia neesiana,1,1,TRUE,FALSE,FALSE,FALSE,FALSE,FALSE,
Philonotis.fontana,NA,Philonotis fontana,10,7,TRUE,TRUE,FALSE,FALSE,FALSE,FALSE,
Physcomitrium.hookeri,NA,Physcomitrium hookeri,1,1,TRUE,FALSE,FALSE,FALSE,FALSE,FALSE,
Physcomitrium.pyriforme,NA,Physcomitrium pyriforme,11,8,TRUE,FALSE,FALSE,TRUE,FALSE,FALSE,
Plagiochila.asplenioides.porelloides,NA,Plagiochila asplenioides/porelloides,174,135,TRUE,FALSE,TRUE,FALSE,FALSE,TRUE,
Plagiomnium.ciliare,NA,Plagiomnium ciliare,39,30,TRUE,FALSE,TRUE,FALSE,FALSE,TRUE,
Plagiomnium.cuspidatum,NA,Plagiomnium cuspidatum,1086,548,TRUE,FALSE,TRUE,FALSE,TRUE,TRUE,
Plagiomnium.drummondii,NA,Plagiomnium drummondii,360,246,TRUE,FALSE,TRUE,FALSE,FALSE,TRUE,
Plagiomnium.ellipticum,NA,Plagiomnium ellipticum,539,368,TRUE,FALSE,TRUE,TRUE,FALSE,TRUE,
Plagiomnium.medium,NA,Plagiomnium medium,206,150,TRUE,FALSE,TRUE,FALSE,FALSE,TRUE,
Plagiomnium.rostratum,NA,Plagiomnium rostratum,2,2,TRUE,FALSE,FALSE,FALSE,FALSE,FALSE,
Plagiothecium.denticulatum,NA,Plagiothecium denticulatum,105,94,TRUE,FALSE,TRUE,FALSE,FALSE,TRUE,
Plagiothecium.laetum,NA,Plagiothecium laetum,120,89,TRUE,FALSE,TRUE,FALSE,FALSE,TRUE,
Platydictya.jungermannioides,NA,Platydictya jungermannioides,43,37,TRUE,FALSE,TRUE,FALSE,FALSE,TRUE,
Platygyrium.repens,NA,Platygyrium repens,215,157,TRUE,FALSE,TRUE,FALSE,TRUE,TRUE,
Pleurozium.schreberi,NA,Pleurozium schreberi,1707,745,TRUE,FALSE,TRUE,FALSE,TRUE,TRUE,
Pogonatum.dentatum,NA,Pogonatum dentatum,5,3,TRUE,FALSE,FALSE,FALSE,FALSE,FALSE,
Pohlia.bulbifera,NA,Pohlia bulbifera,1,1,TRUE,FALSE,FALSE,FALSE,FALSE,FALSE,
Pohlia.cruda,NA,Pohlia cruda,23,23,TRUE,FALSE,TRUE,TRUE,FALSE,TRUE,
Pohlia.longicollis,NA,Pohlia longicollis,1,1,TRUE,FALSE,FALSE,FALSE,FALSE,FALSE,
Pohlia.nutans,NA,Pohlia nutans,1537,720,TRUE,FALSE,TRUE,FALSE,TRUE,TRUE,
Pohlia.proligera,NA,Pohlia proligera,4,4,TRUE,TRUE,FALSE,FALSE,FALSE,FALSE,
Pohlia.wahlenbergii,NA,Pohlia wahlenbergii,20,19,TRUE,TRUE,FALSE,FALSE,FALSE,FALSE,
Polytrichum.commune,NA,Polytrichum commune,286,196,TRUE,FALSE,TRUE,FALSE,FALSE,TRUE,
Polytrichum.juniperinum,NA,Polytrichum juniperinum,643,415,TRUE,FALSE,TRUE,FALSE,TRUE,TRUE,
Polytrichum.piliferum,NA,Polytrichum piliferum,204,114,TRUE,FALSE,TRUE,FALSE,TRUE,TRUE,
Polytrichum.strictum,NA,Polytrichum strictum,579,360,TRUE,FALSE,TRUE,FALSE,FALSE,TRUE,
Preissia.quadrata,NA,Preissia quadrata,1,1,TRUE,FALSE,FALSE,FALSE,FALSE,FALSE,
Pseudobryum.cinclidioides,NA,Pseudobryum cinclidioides,7,7,TRUE,TRUE,FALSE,FALSE,FALSE,FALSE,
Pseudocalliergon.angustifolium,NA,Pseudocalliergon angustifolium,3,2,TRUE,FALSE,FALSE,FALSE,FALSE,FALSE,
Pseudocalliergon.brevifolium,NA,Pseudocalliergon brevifolium,3,2,TRUE,FALSE,FALSE,FALSE,FALSE,FALSE,
Pseudocampylium.radicale,NA,Pseudocampylium radicale,13,12,TRUE,TRUE,FALSE,FALSE,FALSE,FALSE,
Pseudoleskea.patens,NA,Pseudoleskea patens,1,1,TRUE,FALSE,FALSE,FALSE,FALSE,FALSE,
Pseudoleskeella.tectorum,NA,Pseudoleskeella tectorum,1,1,TRUE,FALSE,FALSE,FALSE,FALSE,FALSE,
Pterygoneurum.kozlovii,NA,Pterygoneurum kozlovii,1,1,TRUE,FALSE,FALSE,FALSE,FALSE,FALSE,
Pterygoneurum.ovatum,NA,Pterygoneurum ovatum,10,9,TRUE,FALSE,FALSE,TRUE,FALSE,FALSE,
Pterygoneurum.subsessile,NA,Pterygoneurum subsessile,6,4,TRUE,FALSE,FALSE,TRUE,FALSE,FALSE,
Ptilidium.californicum,NA,Ptilidium californicum,1,1,TRUE,FALSE,FALSE,FALSE,FALSE,FALSE,
Ptilidium.ciliare,NA,Ptilidium ciliare,402,255,TRUE,FALSE,TRUE,FALSE,FALSE,TRUE,
Ptilidium.pulcherrimum,NA,Ptilidium pulcherrimum,1272,613,TRUE,FALSE,TRUE,TRUE,FALSE,TRUE,
Ptilium.crista.castrensis,NA,Ptilium crista-castrensis,1156,580,TRUE,FALSE,TRUE,TRUE,FALSE,TRUE,
Ptychostomum.weigelii,NA,Ptychostomum weigelii,1,1,TRUE,FALSE,FALSE,FALSE,FALSE,FALSE,
Pylaisia.polyantha,NA,Pylaisia polyantha,1290,623,TRUE,FALSE,TRUE,FALSE,TRUE,TRUE,
Radula.complanata,NA,Radula complanata,1,1,TRUE,FALSE,FALSE,FALSE,FALSE,FALSE,
Rhizomnium.gracile,NA,Rhizomnium gracile,108,80,TRUE,FALSE,TRUE,FALSE,FALSE,TRUE,
Rhizomnium.magnifolium,NA,Rhizomnium magnifolium,1,1,TRUE,FALSE,FALSE,FALSE,FALSE,FALSE,
Rhizomnium.pseudopunctatum,NA,Rhizomnium pseudopunctatum,49,39,TRUE,FALSE,TRUE,FALSE,FALSE,TRUE,
Rhytidiadelphus.triquetrus,NA,Rhytidiadelphus triquetrus,16,15,TRUE,TRUE,FALSE,FALSE,FALSE,FALSE,
Rhytidium.rugosum,NA,Rhytidium rugosum,3,2,TRUE,FALSE,FALSE,FALSE,FALSE,FALSE,
Riccardia.chamedryfolia,NA,Riccardia chamedryfolia,1,1,TRUE,FALSE,FALSE,FALSE,FALSE,FALSE,
Riccardia.latifrons,NA,Riccardia latifrons,129,105,TRUE,FALSE,TRUE,FALSE,FALSE,TRUE,
Riccardia.palmata,NA,Riccardia palmata,26,20,TRUE,TRUE,FALSE,FALSE,FALSE,FALSE,
Riccia.cavernosa,NA,Riccia cavernosa,2,1,TRUE,FALSE,FALSE,FALSE,FALSE,FALSE,
Riccia.fluitans,NA,Riccia fluitans,3,2,TRUE,FALSE,FALSE,FALSE,FALSE,FALSE,
Rosulabryum.flaccidum,NA,Rosulabryum flaccidum,2,2,TRUE,FALSE,FALSE,FALSE,FALSE,FALSE,
Sanionia.uncinata,NA,Sanionia uncinata,1418,701,TRUE,FALSE,TRUE,FALSE,TRUE,TRUE,
Sarmentypnum.exannulatum,NA,Sarmentypnum exannulatum,88,63,TRUE,FALSE,TRUE,FALSE,FALSE,TRUE,
Sarmentypnum.sarmentosum,NA,Sarmentypnum sarmentosum,3,2,TRUE,FALSE,FALSE,FALSE,FALSE,FALSE,
Sarmentypnum.trichophyllum,NA,Sarmentypnum trichophyllum,1,1,TRUE,FALSE,FALSE,FALSE,FALSE,FALSE,
Sarmentypnum.tundrae,NA,Sarmentypnum tundrae,2,2,TRUE,FALSE,FALSE,FALSE,FALSE,FALSE,
Scapania.apiculata,NA,Scapania apiculata,3,3,TRUE,TRUE,FALSE,FALSE,FALSE,FALSE,
Scapania.curta,NA,Scapania curta,4,4,TRUE,TRUE,FALSE,FALSE,FALSE,FALSE,
Scapania.cuspiduligera,NA,Scapania cuspiduligera,3,3,TRUE,FALSE,FALSE,FALSE,FALSE,FALSE,
Scapania.degenii,NA,Scapania degenii,1,1,TRUE,FALSE,FALSE,FALSE,FALSE,FALSE,
Scapania.glaucocephala,NA,Scapania glaucocephala,177,120,TRUE,FALSE,TRUE,FALSE,FALSE,TRUE,
Scapania.irrigua,NA,Scapania irrigua,38,30,TRUE,FALSE,TRUE,FALSE,FALSE,TRUE,
Scapania.paludicola,NA,Scapania paludicola,9,8,TRUE,TRUE,FALSE,FALSE,FALSE,FALSE,
Scapania.paludosa,NA,Scapania paludosa,1,1,TRUE,FALSE,FALSE,FALSE,FALSE,FALSE,
Scapania.praetervisa,NA,Scapania praetervisa,10,10,TRUE,TRUE,FALSE,FALSE,FALSE,FALSE,
Scapania.saxicola,NA,Scapania saxicola,1,1,TRUE,FALSE,FALSE,FALSE,FALSE,FALSE,
Schistidium.apocarpum,NA,Schistidium apocarpum,5,5,TRUE,TRUE,FALSE,FALSE,FALSE,FALSE,
Schistidium.confertum,NA,Schistidium confertum,3,2,TRUE,FALSE,FALSE,FALSE,FALSE,FALSE,
Schistidium.frigidum,NA,Schistidium frigidum,2,1,TRUE,FALSE,FALSE,FALSE,FALSE,FALSE,
Schistidium.rivulare,NA,Schistidium rivulare,5,5,TRUE,FALSE,FALSE,TRUE,FALSE,FALSE,
Schistostega.pennata,NA,Schistostega pennata,1,1,TRUE,FALSE,FALSE,FALSE,FALSE,FALSE,
Scorpidium.cossonii,NA,Scorpidium cossonii,11,7,TRUE,TRUE,FALSE,FALSE,FALSE,FALSE,
Scorpidium.revolvens,NA,Scorpidium revolvens,38,26,TRUE,FALSE,TRUE,FALSE,FALSE,TRUE,
Scorpidium.scorpioides,NA,Scorpidium scorpioides,3,2,TRUE,FALSE,FALSE,FALSE,FALSE,FALSE,
Sphagnum.andersonianum,NA,Sphagnum andersonianum,1,1,TRUE,FALSE,FALSE,FALSE,FALSE,FALSE,
Sphagnum.angustifolium,NA,Sphagnum angustifolium,276,180,TRUE,FALSE,TRUE,FALSE,FALSE,TRUE,
Sphagnum.balticum,NA,Sphagnum balticum,5,2,TRUE,FALSE,FALSE,FALSE,FALSE,FALSE,
Sphagnum.capillifolium,NA,Sphagnum capillifolium,394,240,TRUE,FALSE,TRUE,FALSE,FALSE,TRUE,
Sphagnum.centrale,NA,Sphagnum centrale,28,21,TRUE,TRUE,FALSE,FALSE,FALSE,FALSE,
Sphagnum.compactum,NA,Sphagnum compactum,1,1,TRUE,FALSE,FALSE,FALSE,FALSE,FALSE,
Sphagnum.cuspidatum,NA,Sphagnum cuspidatum,1,1,TRUE,FALSE,FALSE,FALSE,FALSE,FALSE,
Sphagnum.fallax,NA,Sphagnum fallax,17,16,TRUE,TRUE,FALSE,FALSE,FALSE,FALSE,
Sphagnum.fimbriatum,NA,Sphagnum fimbriatum,4,4,TRUE,TRUE,FALSE,FALSE,FALSE,FALSE,
Sphagnum.fuscum,NA,Sphagnum fuscum,393,217,TRUE,FALSE,TRUE,FALSE,FALSE,TRUE,
Sphagnum.girgensohnii,NA,Sphagnum girgensohnii,39,33,TRUE,FALSE,TRUE,FALSE,FALSE,TRUE,
Sphagnum.isoviitae,NA,Sphagnum isoviitae,2,1,TRUE,FALSE,FALSE,FALSE,FALSE,FALSE,
Sphagnum.jensenii,NA,Sphagnum jensenii,7,5,TRUE,TRUE,FALSE,FALSE,FALSE,FALSE,
Sphagnum.lindbergii,NA,Sphagnum lindbergii,1,1,TRUE,FALSE,FALSE,FALSE,FALSE,FALSE,
Sphagnum.magellanicum,NA,Sphagnum magellanicum,147,88,TRUE,FALSE,TRUE,FALSE,FALSE,TRUE,
Sphagnum.majus,NA,Sphagnum majus,7,5,TRUE,TRUE,FALSE,FALSE,FALSE,FALSE,
Sphagnum.obtusum,NA,Sphagnum obtusum,3,2,TRUE,FALSE,FALSE,FALSE,FALSE,FALSE,
Sphagnum.riparium,NA,Sphagnum riparium,25,15,TRUE,TRUE,FALSE,FALSE,FALSE,FALSE,
Sphagnum.russowii,NA,Sphagnum russowii,89,72,TRUE,FALSE,TRUE,FALSE,FALSE,TRUE,
Sphagnum.squarrosum,NA,Sphagnum squarrosum,86,72,TRUE,FALSE,TRUE,FALSE,FALSE,TRUE,
Sphagnum.subsecundum,NA,Sphagnum subsecundum,1,1,TRUE,FALSE,FALSE,FALSE,FALSE,FALSE,
Sphagnum.teres,NA,Sphagnum teres,49,37,TRUE,FALSE,TRUE,FALSE,FALSE,TRUE,
Sphagnum.warnstorfii,NA,Sphagnum warnstorfii,220,157,TRUE,FALSE,TRUE,FALSE,FALSE,TRUE,
Sphagnum.wulfianum,NA,Sphagnum wulfianum,17,15,TRUE,TRUE,FALSE,FALSE,FALSE,FALSE,
Splachnum.ampullaceum,NA,Splachnum ampullaceum,2,2,TRUE,FALSE,FALSE,FALSE,FALSE,FALSE,
Splachnum.luteum,NA,Splachnum luteum,11,10,TRUE,TRUE,FALSE,FALSE,FALSE,FALSE,
Splachnum.rubrum,NA,Splachnum rubrum,16,15,TRUE,TRUE,FALSE,FALSE,FALSE,FALSE,
Splachnum.sphaericum,NA,Splachnum sphaericum,7,6,TRUE,TRUE,FALSE,FALSE,FALSE,FALSE,
Straminergon.stramineum,NA,Straminergon stramineum,131,95,TRUE,FALSE,TRUE,FALSE,FALSE,TRUE,
Syntrichia.norvegica,NA,Syntrichia norvegica,5,2,TRUE,FALSE,FALSE,FALSE,FALSE,FALSE,
Syntrichia.ruralis,NA,Syntrichia ruralis,183,106,TRUE,TRUE,FALSE,FALSE,TRUE,TRUE,
Tayloria.serrata,NA,Tayloria serrata,1,1,TRUE,FALSE,FALSE,FALSE,FALSE,FALSE,
Tetraphis.pellucida,NA,Tetraphis pellucida,198,142,TRUE,FALSE,TRUE,FALSE,FALSE,TRUE,
Tetraplodon.angustatus,NA,Tetraplodon angustatus,42,40,TRUE,FALSE,TRUE,FALSE,FALSE,TRUE,
Tetraplodon.mnioides,NA,Tetraplodon mnioides,15,14,TRUE,TRUE,FALSE,FALSE,FALSE,FALSE,
Thuidium.delicatulum,NA,Thuidium delicatulum,8,8,TRUE,TRUE,FALSE,FALSE,FALSE,FALSE,
Thuidium.recognitum,NA,Thuidium recognitum,355,260,TRUE,FALSE,TRUE,TRUE,FALSE,TRUE,
Timmia.austriaca,NA,Timmia austriaca,14,8,TRUE,TRUE,FALSE,FALSE,FALSE,FALSE,
Timmia.megapolitana,NA,Timmia megapolitana,2,2,TRUE,FALSE,FALSE,FALSE,FALSE,FALSE,
Tomentypnum.falcifolium,NA,Tomentypnum falcifolium,52,36,TRUE,FALSE,TRUE,FALSE,FALSE,TRUE,
Tomentypnum.nitens,NA,Tomentypnum nitens,613,346,TRUE,FALSE,TRUE,TRUE,FALSE,TRUE,
Tortella.fragilis,NA,Tortella fragilis,6,4,TRUE,TRUE,FALSE,FALSE,FALSE,FALSE,
Tortella.tortuosa,NA,Tortella tortuosa,6,4,TRUE,TRUE,FALSE,FALSE,FALSE,FALSE,
Tortula.acaulon,NA,Tortula acaulon,129,83,TRUE,TRUE,FALSE,FALSE,TRUE,TRUE,
Tortula.cernua,NA,Tortula cernua,2,1,TRUE,FALSE,FALSE,FALSE,FALSE,FALSE,
Tortula.mucronifolia,NA,Tortula mucronifolia,10,8,TRUE,TRUE,FALSE,TRUE,FALSE,FALSE,
Tortula.nevadensis,NA,Tortula nevadensis,8,4,TRUE,FALSE,FALSE,TRUE,FALSE,FALSE,
Tortula.truncata,NA,Tortula truncata,2,2,TRUE,FALSE,FALSE,FALSE,FALSE,FALSE,
Trichodon.cylindricus,NA,Trichodon cylindricus,2,2,TRUE,FALSE,FALSE,FALSE,FALSE,FALSE,
Tritomaria.exsectiformis,NA,Tritomaria exsectiformis,95,72,TRUE,FALSE,TRUE,FALSE,FALSE,TRUE,
Tritomaria.quinquedentata,NA,Tritomaria quinquedentata,3,3,TRUE,FALSE,FALSE,FALSE,FALSE,FALSE,
Tritomaria.scitula,NA,Tritomaria scitula,11,7,TRUE,TRUE,FALSE,FALSE,FALSE,FALSE,
Ulota.curvifolia,NA,Ulota curvifolia,2,2,TRUE,FALSE,FALSE,FALSE,FALSE,FALSE,
Warnstorfia.fluitans,NA,Warnstorfia fluitans,24,20,TRUE,TRUE,FALSE,FALSE,FALSE,FALSE,
Weissia.controversa,NA,Weissia controversa,16,12,TRUE,TRUE,FALSE,TRUE,FALSE,FALSE,
Weissia.phascopsis,NA,Weissia phascopsis,1,1,TRUE,FALSE,FALSE,FALSE,FALSE,FALSE,
